,ID_Video,Category,Annotator,Question,Answer,Caption,Foil
0,8166472@N03_4977206807_49f8b91a19.avi,Outofscope,Davide,Is the girl texting a message with her phone?,There is no mobile phone in the video.,The absence of a mobile phone negates the possibility of the girl texting in the video., The presence of a mobile phone facilitates the possibility of the girl texting in the video.
1,8166472@N03_4977206807_49f8b91a19.avi,Counterfactual,Davide,What would happen if there was an earthquake?,The people should protect themselves by going under the desks, Stay safe during earthquakes by taking cover under a sturdy desk., Risk your safety during earthquakes by standing near a fragile table.
2,8166472@N03_4977206807_49f8b91a19.avi,Uncertainty,Davide,Is the girl using the computer for the first time?,It's hard to say,The girl appears unsure while using the computer., The girl seems confident and competent while using the computer.
3,8166472@N03_4977206807_49f8b91a19.avi,Uncertainty,Davide,What is the weather like?,It can't be seen what's the weather like outside,The weather outside is unclear., The weather outside is very clear and sunny.
4,8166472@N03_4977206807_49f8b91a19.avi,Sentiment,Davide,How did the girl react to the woman's claim?,She seems to be happy and satisfied,The girl appears pleased with the woman's statement., The girl seems dissatisfied with the woman's statement.
5,8166472@N03_4977206807_49f8b91a19.avi,Occult entity,Davide,At the end of the video you can see a hand. Who does it belong to?,It probably belongs to the person who is recording the video, The recording person's hand can be spotted at the end of the video., The video shows no signs of human presence.
6,8166472@N03_4977206807_49f8b91a19.avi,Entity tracking,Davide,There's a boy who enters the room in the middle of the video. Where does he go?,He walks around the room while reading something,The curious boy reads while exploring the room., The uninterested girl sleeps while avoiding the room.
7,8166472@N03_4977206807_49f8b91a19.avi,Temporal,Davide,Is the girl smiling at the end of the video?,yes,The girl smiles at the end of the video., The girl frowns at the end of the video.
8,8166472@N03_4977206807_49f8b91a19.avi,Causal,Davide,What happens after the teacher gave the advice to the girl?,The girl succeeds in doing something with the computer," Following the teacher's advice, the girl achieves success with the computer."," Ignoring the teacher's advice, the girl fails with the computer."
9,8166472@N03_4977206807_49f8b91a19.avi,Commonsense,Davide,Where is this video set?,The video appears to be set in a school laboratory,"In this video, we see a school laboratory in action.", This video is all about a deserted and abandoned school laboratory.
10,8166472@N03_4977206807_49f8b91a19.avi,Implicit,Davide,Is the video recorded by anyone?,Yes,The video was recorded by someone., The video was never recorded by anyone.
11,8166472@N03_4977206807_49f8b91a19.avi,Outofscope,Alessandro B.,Are there animals in the class?,"No, there are no animals",The class does not have any animals., The class is full of animals.
12,8166472@N03_4977206807_49f8b91a19.avi,Uncertainty,Alessandro B.,What is behind the column,Maybe other desks,Possible desks hidden behind the column., Impossible chairs in plain sight next to the column.
13,8166472@N03_4977206807_49f8b91a19.avi,Sentiment,Alessandro B.,Is the teacher happy?,Yes,The teacher is happy., The teacher is sad.
14,8166472@N03_4977206807_49f8b91a19.avi,Occult entity,Alessandro B.,Are there people in the desks on the left?,"Yes, there are",People are present at the desks on the left., No one is sitting at the desks on the left.
15,8166472@N03_4977206807_49f8b91a19.avi,Entity tracking,Alessandro B.,Is the teacher always behind the student?,She moves around,"The teacher doesn't always stay behind, she moves around to help the student.", The teacher always stays behind and never moves around to help the student.
16,8166472@N03_4977206807_49f8b91a19.avi,Temporal,Alessandro B.,What happens when the teacher explain to the student how to perform the exercise?,The student succeeds,The student masters the exercise after receiving guidance from the teacher.," The student struggles with the exercise, even after receiving guidance from the teacher."
17,8166472@N03_4977206807_49f8b91a19.avi,Causal,Alessandro B.,Why the kid is smiling at the end of the video?,Because she completed the assignment,The kid is smiling at the end of the video as she successfully completed the assignment., The kid is frowning at the end of the video as she failed to complete the assignment.
18,8166472@N03_4977206807_49f8b91a19.avi,Commonsense,Alessandro B.,Where are they?,In a computer lab at school,They are seen working in a school computer lab., They are relaxing on a beach.
19,8166472@N03_4977206807_49f8b91a19.avi,Implicit,Alessandro B.,Is a teacher or a student filming the scene?,Probably a teacher,The scene is likely being filmed by a teacher., The scene is unlikely being filmed by a teacher.
20,8166472@N03_4977206807_49f8b91a19.avi,Outofscope,Lucia,What is the boy in front of the computer doing?,"It is a girl, not a boy", A girl engrossed in computer work., The boy was completely disinterested in what was displayed on the screen.
21,8166472@N03_4977206807_49f8b91a19.avi,Counterfactual,Lucia,What would happen if the girl didn't listen to the teacher?,The teacher would not be happy, Displeased teacher warns students to listen attentively in class., Happy teacher encourages students to ignore the lesson in class.
22,8166472@N03_4977206807_49f8b91a19.avi,Uncertainty,Lucia,Is the coffee cup full?,Can't say,The status of the coffee cup remains uncertain., The status of the coffee cup is clear and known.
23,8166472@N03_4977206807_49f8b91a19.avi,Sentiment,Lucia,Is the student happy?,"Yes, when she succeeds",The student is filled with joy when she achieves success., The student is overcome with sadness when she fails.
24,8166472@N03_4977206807_49f8b91a19.avi,Occult entity,Lucia,What is behind the column,Other desks, The camera reveals other desks behind the column., The camera hides other desks behind the column.
25,8166472@N03_4977206807_49f8b91a19.avi,Entity tracking,Lucia,What is the teacher pointing to?,The computer screen,The teacher points to the computer screen., The students point to the computer screen.
26,8166472@N03_4977206807_49f8b91a19.avi,Temporal,Lucia,Does the computer screen changes at the end of the video?,Yes,The computer screen changes at the end of the video., The computer screen remains the same throughout the video.
27,8166472@N03_4977206807_49f8b91a19.avi,Causal,Lucia,Why the kid is smiling at the end of the video?,Because she completed the assignment,The kid is beaming with pride at the end of the video after successfully completing her assignment., The kid looks disappointed at the end of the video after failing to complete her assignment.
28,8166472@N03_4977206807_49f8b91a19.avi,Commonsense,Lucia,What class is the woman teaching?,A computer class,The woman is teaching a computer class., The woman is learning in a computer class.
29,8166472@N03_4977206807_49f8b91a19.avi,Implicit,Lucia,Are they in school?,Yes,The scene shows them in school., The scene does not show them in school.
30,8166472@N03_4977206807_49f8b91a19.avi,Outofscope,Giovanni,is the old man holding a cup?,There is no old man, No old man was present in the video., An elderly man can be seen in the video.
31,8166472@N03_4977206807_49f8b91a19.avi,Counterfactual,Giovanni,What would happen if someone drops some liquid on the pc?,it would stop working,Spilling liquid on a PC can cause it to stop working., Pouring liquid on a PC will improve its performance.
32,8166472@N03_4977206807_49f8b91a19.avi,Uncertainty,Giovanni,is the young student working on a web site?,difficult to understand,The young student's website work is hard to comprehend., The young student's website work is easy to understand.
33,8166472@N03_4977206807_49f8b91a19.avi,Sentiment,Giovanni,How would you describe the sentiment of the student at the end of the video?,she seems happy,The student is seen happily expressing herself at the end of the video., The student is not seen expressing any emotion at the end of the video.
34,8166472@N03_4977206807_49f8b91a19.avi,Occult entity,Giovanni,what is the color of the t-shirt of the girl sited nearby the young student?,she has a with t-shirt,The girl beside the young student is wearing a white t-shirt., The boy next to the young teacher is wearing a black hoodie.
35,8166472@N03_4977206807_49f8b91a19.avi,Entity tracking,Giovanni,is the cup position changed between the beginning and the end of the video?,no,The position of the cup remains unchanged throughout the video., The cup moves constantly throughout the video.
36,8166472@N03_4977206807_49f8b91a19.avi,Temporal,Giovanni,does the teacher give the high 5 before or after pointing to the screen?,after,The teacher gives a high five after pointing to the screen., The teacher gives a low five after pointing to the screen.
37,8166472@N03_4977206807_49f8b91a19.avi,Causal,Giovanni,what is the cause of the girl smiling?,she smiles because she succeded at her task,The girl smiles with pride as she successfully completes her task., The girl frowns with disappointment as she fails to complete her task.
38,8166472@N03_4977206807_49f8b91a19.avi,Commonsense,Giovanni,where is located the scene?,probably in a school IT laboratory,A group of students can be seen working together in a school IT laboratory., No students are present in the school IT laboratory.
39,8166472@N03_4977206807_49f8b91a19.avi,Implicit,Giovanni,is day time?,yes,The video captures a daytime scene., The video captures a nighttime scene.
40,8166472@N03_4977206807_49f8b91a19.avi,Outofscope,Alessio,What door does the key around the teacher's neck open?,It cannot be determined from the video.,The mystery of the teacher's key remains unsolved., The teacher's key has been found and the mystery is solved.
41,8166472@N03_4977206807_49f8b91a19.avi,Counterfactual,Alessio,What would have happened if the power had gone out?,The student could not complete the task on the computer.,The task was left incomplete as the power went out., The task was completed successfully without any interruptions.
42,8166472@N03_4977206807_49f8b91a19.avi,Uncertainty,Alessio,Does the teacher teach computer science?,"It is possible, but there is not enough evidence to state this with certainty.","The teacher may teach computer science, but it cannot be confirmed.", It is confirmed that the teacher cannot teach computer science.
43,8166472@N03_4977206807_49f8b91a19.avi,Sentiment,Alessio,Is the girl happy at the end of the video?,Yes.,The girl ends the video with pure happiness., The girl begins the video with pure sadness.
44,8166472@N03_4977206807_49f8b91a19.avi,Occult entity,Alessio,Who is the other person talking in the video?,Probably another teacher.,Another teacher can be seen talking in the video., No teacher can be seen talking in the video.
45,8166472@N03_4977206807_49f8b91a19.avi,Entity tracking,Alessio,Does the teacher move during the video?,Yes.,The teacher can be seen moving in the video., The video does not show any movement from the teacher.
46,8166472@N03_4977206807_49f8b91a19.avi,Temporal,Alessio,Is the teacher present at the end of the video?,No.,The teacher is absent at the end of the video., The teacher is present throughout the video.
47,8166472@N03_4977206807_49f8b91a19.avi,Causal,Alessio,What happens after the teacher praises the student?,The student smiles.,The student responds with a smile after receiving praise from the teacher., The student responds with a frown after receiving criticism from the teacher.
48,8166472@N03_4977206807_49f8b91a19.avi,Commonsense,Alessio,Is the video filmed in a school?,Yes.,The video was filmed in a school., The video was not filmed in a school.
49,8166472@N03_4977206807_49f8b91a19.avi,Implicit,Alessio,Is the video filmed during the night?,Probably no.,The video was likely not filmed at night., The video was most likely filmed during the night.
50,8166472@N03_4977206807_49f8b91a19.avi,Outofscope,Raffaella,Is the cat on the table black?,There is no cat on the table., The table is cat-free., The table is filled with cats.
51,8166472@N03_4977206807_49f8b91a19.avi,Uncertainty,Raffaella,Is the lady a doctor?,It's not clear from the video,The profession of the lady in the video remains unclear., The lady's profession in the video is clearly shown and explained.
52,8166472@N03_4977206807_49f8b91a19.avi,Sentiment,Raffaella,Was the girl successful in her task?,"Yes, she was.",The girl successfully completed her task., The girl failed to complete her task.
53,8166472@N03_4977206807_49f8b91a19.avi,Temporal,Raffaella,Is the blond lady always present in the video?,"No, she is not.",The blond lady is not always present in the video., The blond lady always appears in the video.
54,8166472@N03_4977206807_49f8b91a19.avi,Commonsense,Raffaella,"Between the girl and the lady, who is the teacher and who is the student?","The lady is the teacher, the girl is the student",The lady is teaching while the girl is learning., The lady is learning while the girl is teaching.
55,8166472@N03_4977206807_49f8b91a19.avi,Implicit,Raffaella,Why is the girl happy at end of the video?,Because she succeeded in her task,The girl's happiness is evident as she successfully completes her task., The girl's disappointment is evident as she fails to complete her task.
56,12247055@N00_3429200228_9ba52a9c28.avi,Outofscope,Alessandro B.,Where is the person playing the harmonica,There is no person playing the harmonica, No one is playing the harmonica in this video., Someone is playing the harmonica in this video.
57,12247055@N00_3429200228_9ba52a9c28.avi,Counterfactual,Alessandro B.,Is the bald guy playing the guitar?,"No, he is playing the drums",The bald man shows off his impressive drumming skills., The bald man fails to impress with his mediocre drumming.
58,12247055@N00_3429200228_9ba52a9c28.avi,Uncertainty,Alessandro B.,is there a crowd listening,There are no elements to know, The presence of a crowd cannot be determined., It is easy to accurately count the size of the crowd.
59,12247055@N00_3429200228_9ba52a9c28.avi,Sentiment,Alessandro B.,Are they sad?,"No, they seem happy"," The people in the video seem to be happy, not sad."," The people in the video seem to be sad, not happy."
60,12247055@N00_3429200228_9ba52a9c28.avi,Occult entity,Alessandro B.,What is behind the person on the left?,An amplifier,The person on the left is standing in front of an amplifier., The person on the left is sitting behind an amplifier.
61,12247055@N00_3429200228_9ba52a9c28.avi,Entity tracking,Alessandro B.,Do the band members change position?,"No, they stay in their place",The band members remain stationary during the performance., The band members are dancing wildly during the performance.
62,12247055@N00_3429200228_9ba52a9c28.avi,Temporal,Alessandro B.,Do the song end at the end of the video?,No,The song doesn't end at the end of the video., The song ends before the middle of the video.
63,12247055@N00_3429200228_9ba52a9c28.avi,Causal,Alessandro B.,Why are they playing?,Because they are at a concert,The crowd cheers on as the band plays on stage at a concert., The audience remains silent as the band performs on stage at a concert.
64,12247055@N00_3429200228_9ba52a9c28.avi,Commonsense,Alessandro B.,Why do the light changes color,Because it is a concert,The light changes color during the concert., The light stays the same color throughout the concert.
65,12247055@N00_3429200228_9ba52a9c28.avi,Implicit,Alessandro B.,Is the music loud?,"yes, it is a concert",The concert is filled with loud music., The concert is quiet and peaceful.
66,12247055@N00_3429200228_9ba52a9c28.avi,Outofscope,Lucia,Is someone playing the piano?,There is no piano, No piano can be seen in the video., A piano can clearly be seen in the video.
67,12247055@N00_3429200228_9ba52a9c28.avi,Counterfactual,Lucia,What would happen if they stopped playing?,The music would stop,The music would come to a halt if they stopped playing., The music would continue playing even if they stopped playing.
68,12247055@N00_3429200228_9ba52a9c28.avi,Uncertainty,Lucia,How is the song called?,Don't know,The song title is unknown., The song title is well-known.
69,12247055@N00_3429200228_9ba52a9c28.avi,Sentiment,Lucia,Are they having fun?,It looks like it, Looks like they're having fun!, Looks like they're not enjoying themselves.
70,12247055@N00_3429200228_9ba52a9c28.avi,Occult entity,Lucia,What is behind the singer?,The drum kit,The singer performs in front of a drum kit., The drummer performs in front of a microphone.
71,12247055@N00_3429200228_9ba52a9c28.avi,Entity tracking,Lucia,Do the singer moves around?,"No, he stay in place",The singer delivers a stationary performance., The singer delivers an energetic performance.
72,12247055@N00_3429200228_9ba52a9c28.avi,Temporal,Lucia,When do the lights change color?,In tune with the song's rithm,The lights change color in tune with the rhythm of the song., The lights remain the same color throughout the entire video without any synchronization to the music.
73,12247055@N00_3429200228_9ba52a9c28.avi,Causal,Lucia,Why are they playing?,Because they are at a concert,The video showcases a lively concert performance with people enjoying the music and festivities., The video features a dull and boring concert where people are not interested in the music and there is no fun.
74,12247055@N00_3429200228_9ba52a9c28.avi,Commonsense,Lucia,Where are them?,At a concert,They are enjoying a concert., They are not enjoying a concert.
75,12247055@N00_3429200228_9ba52a9c28.avi,Implicit,Lucia,What genre are they playing?,rock,They are playing rock music., They are not playing any music.
76,12247055@N00_3429200228_9ba52a9c28.avi,Outofscope,Davide,When did the musician start to play the piano?,Nobody is playing the piano in the video, No musician playing the piano in the video scene., A musician is playing the piano in the video scene.
77,12247055@N00_3429200228_9ba52a9c28.avi,Counterfactual,Davide,What would happen if the yellow curtain in the background fell down?,"The curtain would fall on the drummer, who would stop playing",The drummer would stop playing if the yellow curtain in the background fell down.," The drummer never stops playing, even if the yellow curtain in the background falls down."
78,12247055@N00_3429200228_9ba52a9c28.avi,Uncertainty,Davide,Have they been playing together for a long time?,It 's hard to say,The duration of their playing together is uncertain., Their playing together lasted for a specific amount of time.
79,12247055@N00_3429200228_9ba52a9c28.avi,Uncertainty,Davide,Is the singer lip-synching?,"Apparently not, but not sure","The singer may not be lip-synching, but it's uncertain."," The singer is definitely lip-synching, there's no doubt about it."
80,12247055@N00_3429200228_9ba52a9c28.avi,Sentiment,Davide,Are they psyched up for their exhibition?,Yes,They are eagerly prepared for their exhibition., They are uninterested in their exhibition.
81,12247055@N00_3429200228_9ba52a9c28.avi,Occult entity,Davide,Who changes the lights?,Maybe the lighting technician,The lighting technician changes the lights.," No one touches the lights, they remain the same."
82,12247055@N00_3429200228_9ba52a9c28.avi,Entity tracking,Davide,Does the singer switch places with the guitarist during the song?,No, The singer and guitarist maintain their positions throughout the performance., The singer and guitarist constantly move around during the performance.
83,12247055@N00_3429200228_9ba52a9c28.avi,Temporal,Davide,Does the singer start singing after th group start playing instruments?,Yes,The singer joins in after the group starts playing their instruments., The singer refused to join in even after the group started playing their instruments.
84,12247055@N00_3429200228_9ba52a9c28.avi,Causal,Davide,Why are they playing there?,Because someone invited them for the night in the club,Enjoying a night out at the club after being invited to play., Hating a night in at home after being uninvited to play.
85,12247055@N00_3429200228_9ba52a9c28.avi,Commonsense,Davide,Where are they playing?,"They are playing indoors, maybe in a bar/club/pub","They are enjoying an indoor game, possibly at a bar or club."," They are miserable playing an outdoor game, definitely not at a bar or club."
86,12247055@N00_3429200228_9ba52a9c28.avi,Commonsense,Davide,Is there only one singer in the group?,Yes,The group consists of only one singer., The group is made up of multiple singers.
87,12247055@N00_3429200228_9ba52a9c28.avi,Implicit,Davide,Are there people in the club?,Definitely,The club is definitely packed with people., The club is almost empty.
88,12247055@N00_3429200228_9ba52a9c28.avi,Implicit,Davide,What kind of music does the group play?,Definitely rock music,The group plays a rock music set., There is no music played by the group.
89,12247055@N00_3429200228_9ba52a9c28.avi,Outofscope,Giovanni,is there a piano?,no,The absence of a piano is notable., The presence of a piano is inconspicuous.
90,12247055@N00_3429200228_9ba52a9c28.avi,Counterfactual,Giovanni,what can happen if the curtain on the back falls?,it could occlude the drum player.,The falling back curtain could obstruct the drum player's performance., The rising front curtain could enhance the drum player's performance.
91,12247055@N00_3429200228_9ba52a9c28.avi,Uncertainty,Giovanni,what is the colour of the drummer t-shirt,maybe white,The drummer's white t-shirt catches our attention., The drummer's black t-shirt blends in with the background.
92,12247055@N00_3429200228_9ba52a9c28.avi,Sentiment,Giovanni,are the players hyped?,yes,The players are hyped up for the game!, The players are not interested in the game.
93,12247055@N00_3429200228_9ba52a9c28.avi,Occult entity,Giovanni,is there an amplified speaker on the left?,yes,"On the left, there is an amplified speaker."," On the right, there is a silent microphone."
94,12247055@N00_3429200228_9ba52a9c28.avi,Entity tracking,Giovanni,Are the guitarists swapping their positions?,no,The guitarists are not swapping positions in this scene., The guitarists are frequently swapping positions in this scene.
95,12247055@N00_3429200228_9ba52a9c28.avi,Temporal,Giovanni,What happens at the end of the video?,the band is still playing,The band's performance continues until the end of the video., The band stops playing midway through the video.
96,12247055@N00_3429200228_9ba52a9c28.avi,Causal,Giovanni,Why some of the people in the video shaking their left hands?,because that is how you play guitars," Left-hand shakes are essential for playing the guitar, as demonstrated in the video."," Right-hand shakes are essential for playing the guitar, as demonstrated in the video."
97,12247055@N00_3429200228_9ba52a9c28.avi,Commonsense,Giovanni,is there an audience?,probably yes, The video was likely recorded in front of an audience., The video was probably not recorded with an audience present.
98,12247055@N00_3429200228_9ba52a9c28.avi,Implicit,Giovanni,are they having fun?,probably yes,They seem to be enjoying themselves!, They don't seem to be enjoying themselves.
99,12247055@N00_3429200228_9ba52a9c28.avi,Outofscope,Raffaella,Is the man playing piano also the singer?,There is no man playing piano., No man is playing the piano in the video., A man is playing the piano in the video.
100,12247055@N00_3429200228_9ba52a9c28.avi,Counterfactual,Raffaella,What would happen if the electricity goes down?,They might stop playing,The game could come to a halt if the power shuts off., The game will definitely continue if the power shuts off.
101,12247055@N00_3429200228_9ba52a9c28.avi,Uncertainty,Raffaella,Is there an audience?,"Probably yes, but it could be a trail",The presence of an audience is uncertain as it may just be a trail., The absence of an audience is certain as it may just be a trail.
102,12247055@N00_3429200228_9ba52a9c28.avi,Sentiment,Raffaella,Do the players enjoy the concert?,"Yes, they do",The players can be seen enjoying the concert., The players seem uninterested in the concert.
103,12247055@N00_3429200228_9ba52a9c28.avi,Occult entity,Raffaella,Where does the music come from?,The stereo behind the boy in black,The music emanates from the stereo positioned behind the boy in black., The silence surrounds the stereo placed on the left side of the black boy.
104,12247055@N00_3429200228_9ba52a9c28.avi,Entity tracking,Raffaella,Who is the singer?,The boy with the red shirt,The boy with the red shirt is the singer., The girl with the blue shirt is the singer.
105,12247055@N00_3429200228_9ba52a9c28.avi,Temporal,Raffaella,Does the boy with the red T-shirt sing during the whole video?,No he starts after a few seconds,The boy in the red T-shirt starts singing a few seconds into the video., The girl in the yellow dress stops singing a few seconds into the video.
106,12247055@N00_3429200228_9ba52a9c28.avi,Commonsense,Raffaella,Are the boys playing classical music?,"No, they are not",The boys are not playing classical music., The girls are playing classical music.
107,12247055@N00_3429200228_9ba52a9c28.avi,Outofscope,Alessio,Does the bassist have long hair?,There is no bass player., No bass player in sight., There is a bass player present.
108,12247055@N00_3429200228_9ba52a9c28.avi,Counterfactual,Alessio,What would happen if the curtain behind the band fell down?,The drummer would probably stop playing.,The drummer's performance could be interrupted if the curtain behind the band falls down., The drummer's performance cannot be interrupted even if the curtain behind the band falls down.
109,12247055@N00_3429200228_9ba52a9c28.avi,Uncertainty,Alessio,Is the guitarist a professional guitarist?,There are not enough information the answer this question.,The guitarist's experience level is unclear from the video., The guitarist in the video is clearly experienced.
110,12247055@N00_3429200228_9ba52a9c28.avi,Sentiment,Alessio,Is the guitarist bored?,It seems not.,The guitarist seems engaged in the performance., The guitarist appears disinterested in the performance.
111,12247055@N00_3429200228_9ba52a9c28.avi,Occult entity,Alessio,What does the paper on the floor contain?,Probably the setlist.,The paper on the floor might be the setlist.," There is no paper on the floor, it is unlikely to be the setlist."
112,12247055@N00_3429200228_9ba52a9c28.avi,Entity tracking,Alessio,Does the singer start jumping?,No.,The singer remains still and doesn't jump., The singer jumps and doesn't remain still.
113,12247055@N00_3429200228_9ba52a9c28.avi,Temporal,Alessio,Does the singer sing for the entire duration of the video?,No.,The singer doesn't sing throughout the entire video., The singer sings constantly throughout the entire video.
114,12247055@N00_3429200228_9ba52a9c28.avi,Causal,Alessio,What happens when the boy on the right moves his left arm?,He changes chords on the guitar.,The boy changes chords on the guitar by moving his left arm., The boy strums the guitar without moving his arms.
115,12247055@N00_3429200228_9ba52a9c28.avi,Commonsense,Alessio,Where was the video filmed?,"Probably in a club, or a bar.",The scene takes place in a lively club or bar., The scene takes place in a deserted club or bar.
116,12247055@N00_3429200228_9ba52a9c28.avi,Implicit,Alessio,Are there people attending the concert?,Yes.,People are attending the concert., No one is attending the concert.
117,31418118@N00_3210797351_183d815d23.mov,Outofscope,Alessandro B.,What does the cat do?,There is no cat, No cat is seen in the video., A cat is clearly visible in the video.
118,31418118@N00_3210797351_183d815d23.mov,Counterfactual,Alessandro B.,What would happen if the rabbit was locked in its cage,It couldn't play,The rabbit's playtime is restricted when confined to its cage., The rabbit's playtime is not restricted when it's free to roam around.
119,31418118@N00_3210797351_183d815d23.mov,Uncertainty,Alessandro B.,What's inside the box?,We don't see inside the box,The contents of the box remain a mystery., The contents of the box are revealed.
120,31418118@N00_3210797351_183d815d23.mov,Sentiment,Alessandro B.,Do the rabbit look happy?,"Yes, it is playing",The happy rabbit plays around., The sad rabbit sits still.
121,31418118@N00_3210797351_183d815d23.mov,Occult entity,Alessandro B.,What on the left?,The rabbit's cage,The video shows the rabbit's cage on the left., The video shows the rabbit's cage on the right.
122,31418118@N00_3210797351_183d815d23.mov,Entity tracking,Alessandro B.,Where does the rabbit go at the end of the video,It goes down the corridor,The rabbit disappears down the corridor in the end., The rabbit reappears at the entrance in the end.
123,31418118@N00_3210797351_183d815d23.mov,Temporal,Alessandro B.,What happens to the car toy?,It get tossed around by the rabbit,The rabbit plays rough with the toy car., The rabbit gently holds and cuddles the toy car.
124,31418118@N00_3210797351_183d815d23.mov,Causal,Alessandro B.,What happens when the rabbbit tosses the toy=,It falls,The rabbit tosses the toy and it falls., The rabbit catches the toy and it flies.
125,31418118@N00_3210797351_183d815d23.mov,Commonsense,Alessandro B.,Is this wild rabbit?,"No, it is domesticated", Meet our friendly domesticated rabbit!, Beware of the wild and dangerous rabbit lurking in the woods!
126,31418118@N00_3210797351_183d815d23.mov,Implicit,Alessandro B.,Where does the rabbit live?,In the cage,The rabbit resides in a cage., The rabbit roams freely in the wild.
127,31418118@N00_3210797351_183d815d23.mov,Outofscope,Lucia,Is the kid wearing a black t-shirt?,There is no kid, No kid present in the video scene., Many children are visible in the video scene.
128,31418118@N00_3210797351_183d815d23.mov,Counterfactual,Lucia,What would happen if the toy was heavier?,The rabbit couldn't lift it,The rabbit struggles to lift a heavy toy in this scene., The rabbit effortlessly lifts a heavy toy in this scene.
129,31418118@N00_3210797351_183d815d23.mov,Uncertainty,Lucia,What is at the end of the corridor?,Can't see,The end of the corridor is shrouded in darkness., The corridor is well-lit at the end.
130,31418118@N00_3210797351_183d815d23.mov,Sentiment,Lucia,Do the rabbit seem sad?,No, The rabbit doesn't seem sad in the video scene., The rabbit appears to be very happy in the video scene.
131,31418118@N00_3210797351_183d815d23.mov,Occult entity,Lucia,What is behind the paper?,The toy car,Discovering a toy car hidden behind the paper., Covering up a toy car and not letting it be found.
132,31418118@N00_3210797351_183d815d23.mov,Entity tracking,Lucia,How the rabbit moves around?,It first goes towards the camera then far away,The rabbit moves towards and away from the camera in the scene., The rabbit stays still in the scene.
133,31418118@N00_3210797351_183d815d23.mov,Temporal,Lucia,Where is the rabbit at the end of the video?,At the end of the corridor,The rabbit is seen at the end of the corridor in the video., No animal is visible in the video's hallway.
134,31418118@N00_3210797351_183d815d23.mov,Causal,Lucia,Why the rabbit tosses the toy?,Because it is playing,The playful rabbit tosses a toy in excitement., The boring rabbit sits still and ignores the toy.
135,31418118@N00_3210797351_183d815d23.mov,Commonsense,Lucia,Why is there a cage?,Because it is where the rabbit lives,The rabbit lives in a cage., The rabbit roams free in the wild.
136,31418118@N00_3210797351_183d815d23.mov,Implicit,Lucia,Is the person filming the owner of the house?,"Yes, probably",A possible homeowner films the scene., An unlikely renter avoids filming the scene.
137,31418118@N00_3210797351_183d815d23.mov,Outofscope,Davide,Where is the boy running to?,There is no boy in the scene," No boy in sight, just a peaceful scene.", A group of noisy boys disturbing the peace.
138,31418118@N00_3210797351_183d815d23.mov,Counterfactual,Davide,The rabbit could have entered his cage if he had wanted to?,Yes,"A possible escape, but the rabbit chose to stay in its cage.", The rabbit successfully escaped from its cage.
139,31418118@N00_3210797351_183d815d23.mov,Counterfactual,Davide,What would have happened to the rabbit at the end of the video if the room door had been closed?,It could not have escaped to the other room,The rabbit's fate was in the balance as the open door was its only escape route., The rabbit was always safe and comfortable inside with no need for escape.
140,31418118@N00_3210797351_183d815d23.mov,Uncertainty,Davide,Is the rabbit running to go eating?,Don't know, A rabbit sprinting through a field with a purpose., A turtle slowly strolling through a field without any aim.
141,31418118@N00_3210797351_183d815d23.mov,Uncertainty,Davide,Is the rabbit hungry?,Don't know, The rabbit's hunger status remains unknown., The rabbit is well-fed and not hungry anymore.
142,31418118@N00_3210797351_183d815d23.mov,Occult entity,Davide,Where was the toy car before the rabbit threw it away?,Behind the cardboard,The toy car was behind the cardboard before the rabbit threw it away., The toy car was in front of the cardboard after the rabbit kept it.
143,31418118@N00_3210797351_183d815d23.mov,Entity tracking,Davide,Where does the rabbit escape?,It goes to another room,The rabbit makes a daring escape to the adjacent room., The rabbit stays calmly in its cage without moving.
144,31418118@N00_3210797351_183d815d23.mov,Temporal,Davide,Does the rabbit play first with the toy car and then with the cardboard?,Yes,The rabbit first plays with the toy car and then moves on to the cardboard., The rabbit ignores both the toy car and cardboard and rests in its cage.
145,31418118@N00_3210797351_183d815d23.mov,Causal,Davide,Why does the toy car fly?,Because the rabbit throws it away,"The rabbit launches the toy car, causing it to soar through the air."," The toy car launches the rabbit, causing it to soar through the air."
146,31418118@N00_3210797351_183d815d23.mov,Commonsense,Davide,Has the rabbit gone crazy?,"No, he's just playing","The rabbit is playful, not crazy."," The rabbit is not playful, but rather calm."
147,31418118@N00_3210797351_183d815d23.mov,Implicit,Davide,Is the rabbit owned by someone?,Probably yes,The rabbit in the video is most likely a domestic pet., The rabbit in the video is definitely a wild animal.
148,31418118@N00_3210797351_183d815d23.mov,Outofscope,Giovanni,Are there three or four bottles?,no bottles, There are no bottles in the video scene., Bottles are present in the video scene.
149,31418118@N00_3210797351_183d815d23.mov,Counterfactual,Giovanni,What would happen if the rabbit was caged?,it would not have bitten so many things,The rabbit's destructive behavior could have been avoided if it had been caged., The rabbit's destructive behavior is a result of its natural instincts and cannot be controlled.
150,31418118@N00_3210797351_183d815d23.mov,Uncertainty,Giovanni,is the paper in the background showing a kiwi?,not easy to assess, Ambiguity surrounds the kiwi on the paper in the background., There is no ambiguity surrounding the kiwi on the paper in the foreground.
151,31418118@N00_3210797351_183d815d23.mov,Sentiment,Giovanni,is the rabbit calm or somehow agitated?,the rabbit is agitated,The agitated rabbit is noticeably restless., The calm rabbit is extremely relaxed.
152,31418118@N00_3210797351_183d815d23.mov,Occult entity,Giovanni,what is left behind the paper in foreground?,"a yellow car, or a brown paper",A yellow car or a brown paper is left behind the foreground., The foreground is empty and there is no car or paper in sight.
153,31418118@N00_3210797351_183d815d23.mov,Entity tracking,Giovanni,Where is the yellow mini car at the end of the video?,on the left near the box,The yellow mini car can be seen parked on the left next to the box., There is a blue truck driving on the right away from the box.
154,31418118@N00_3210797351_183d815d23.mov,Temporal,Giovanni,has the rabbit bitten the car befor biting the paper?,no,A curious rabbit explores a car and nibbles on paper without causing any damage., An aggressive rabbit vandalizes a car and tears up paper causing a lot of damage.
155,31418118@N00_3210797351_183d815d23.mov,Causal,Giovanni,what is the cause of the car falling?,the rabbit throw it up in the air,A mischievous rabbit causes a car to tumble through the air., A well-behaved rabbit helps a car stay on the ground.
156,31418118@N00_3210797351_183d815d23.mov,Commonsense,Giovanni,what is the cage for?,it is the rabbit house,The cage serves as a cozy home for the rabbits., The rabbits are free to roam in the wilderness without any type of confinement.
157,31418118@N00_3210797351_183d815d23.mov,Implicit,Giovanni,is the rabbit free to move in the room?,yes,The rabbit enjoys free movement in the room., The rabbit is restricted in its movement within the room.
158,31418118@N00_3210797351_183d815d23.mov,Outofscope,Raffaella,What's the color of the boy's hair?,There is no boy in the video, No boy appears in the video., A boy is clearly visible in the video.
159,31418118@N00_3210797351_183d815d23.mov,Counterfactual,Raffaella,What would happen to the car if it were made of glass?,break,The glass car would easily break., The glass car is incredibly sturdy and would never shatter.
160,31418118@N00_3210797351_183d815d23.mov,Uncertainty,Raffaella,Is the rabbit playing in an appartment?,"It seems so, but it's not completely clear",A cute rabbit enjoying playtime in what appears to be an apartment., A fierce wolf hunting its prey in a forest.
161,31418118@N00_3210797351_183d815d23.mov,Sentiment,Raffaella,Is the rabbit calm?,No, The rabbit appears agitated in the video scene., The rabbit seems calm in the video scene.
162,31418118@N00_3210797351_183d815d23.mov,Occult entity,Raffaella,What is beyond the white paper in the beggining of the video?,A car,The opening scene reveals a car beyond the white paper., The closing scene conceals a truck under the black cloth.
163,31418118@N00_3210797351_183d815d23.mov,Entity tracking,Raffaella,"In the beggining of the video the rabit graps a car, where is the car later?",Next to the box,"The rabbit starts off by grabbing a car, but later we see it next to the box."," The rabbit never touches the car, it remains next to the box the entire time."
164,31418118@N00_3210797351_183d815d23.mov,Temporal,Raffaella,During the video is the rabit almost always moving?,Yes,The lively rabbit can hardly stay still throughout the video., The lethargic rabbit remains still throughout the video.
165,31418118@N00_3210797351_183d815d23.mov,Causal,Raffaella,What cause the car to appear in the scene?,The rabit launches it,The car is launched by a rabbit., The rabbit is launched by a car.
166,31418118@N00_3210797351_183d815d23.mov,Outofscope,Alessio,What is the rabbit doing inside the cage?,The rabbit is not inside the cage., The rabbit roams freely outside the cage., The rabbit is confined inside the cage.
167,31418118@N00_3210797351_183d815d23.mov,Counterfactual,Alessio,What would have happened if the little yellow car had been bigger?,The rabbit probably would not have been able to throw it.,The size of the little yellow car determines if the rabbit can throw it., The rabbit is unable to throw the little yellow car regardless of its size.
168,31418118@N00_3210797351_183d815d23.mov,Uncertainty,Alessio,Will the rabbit return to the room where he previously played?,I do not have enough elements to answer this question.,"Based on the given answer, I am unable to create a caption for the video as there is not enough information to work with. Please provide additional information or a different Q and A pair for me to generate a caption.", The video provides a clear and concise answer to the question asked.
169,31418118@N00_3210797351_183d815d23.mov,Sentiment,Alessio,What is the attitude of the rabbit?,The rabbit seems playful.,The playful rabbit steals the show., The boring rabbit fails to impress.
170,31418118@N00_3210797351_183d815d23.mov,Occult entity,Alessio,Where is the piece of cardboard at the end of the video?ï¿½,It is hidden behind the sheets of paper.,The piece of cardboard is concealed behind the sheets of paper., The sheets of paper are concealed behind the piece of cardboard.
171,31418118@N00_3210797351_183d815d23.mov,Entity tracking,Alessio,Where does the rabbit run to in the final part of the video?,The rabbit runs toward another room.,The rabbit scurries off to another room in the final scene., The rabbit stays put in the same room for the rest of the film.
172,31418118@N00_3210797351_183d815d23.mov,Temporal,Alessio,Can you order the sequence of actions taken by the rabbit from last to first?,1) The rabbit starts running 2) It throws the toy car 3) Ithrows the piece of cardboard 4) It pulls the toy car out of the paper.,The speedy rabbit displays its playful nature by tossing toys and cardboard in reverse order., The sluggish rabbit is not interested in interacting with toys and cardboard.
173,31418118@N00_3210797351_183d815d23.mov,Causal,Alessio,What happens to the piece of cardboard after the rabbit throws it?,The piece of cardboard falls behind the paper sheets.,The cardboard piece is thrown by the rabbit and falls behind the paper sheets., The rabbit carefully catches the cardboard piece and places it on top of the paper sheets.
174,31418118@N00_3210797351_183d815d23.mov,Commonsense,Alessio,Does the rabbit live in the cage visible at the left of the frame?,Yes.,The rabbit lives in the cage to the left of the frame., The rabbit lives in the cage to the right of the frame.
175,31418118@N00_3210797351_183d815d23.mov,Implicit,Alessio,Does the rabbit have an owner?,Probably yes.,The rabbit in this video likely has an owner., It is unlikely that the rabbit in this video has an owner.
176,43507350@N00_7805483128_dd2856665f.mp4,Outofscope,Alessandro B.,What is the boy doing?,There is no boy in the video,Unable to create a caption as there is no boy in the video. Please provide a valid question and answer., The video shows a group of girls singing together.
177,43507350@N00_7805483128_dd2856665f.mp5,Counterfactual,Alessandro B.,What would happen if the kangaroo was not hungry,It wouldn't get close to the girl,"The kangaroo approaches the girl, motivated by its hunger."," The kangaroo ignores the girl, not interested in its hunger."
178,43507350@N00_7805483128_dd2856665f.mp6,Uncertainty,Alessandro B.,Are there other kangaroos?,Can't tell,Uncertainty about the presence of other kangaroos in the scene., There are no other kangaroos in the scene.
179,43507350@N00_7805483128_dd2856665f.mp7,Sentiment,Alessandro B.,Is the girl happy?,Yes,The girl is happy., The girl is sad.
180,43507350@N00_7805483128_dd2856665f.mp8,Occult entity,Alessandro B.,What is the girl holding in her hand?,Food for the kangaroo,The girl feeds a kangaroo in the park with food in her hand., The boy scares away a kangaroo in the park with food in his hand.
181,43507350@N00_7805483128_dd2856665f.mp9,Entity tracking,Alessandro B.,Where does the kangaroo goes at the end of the video,It gets away from the gril,The kangaroo hops away from the girl at the end of the video., The kangaroo runs towards the girl at the end of the video.
182,43507350@N00_7805483128_dd2856665f.mp10,Temporal,Alessandro B.,What happens at the end of the video?,The girl waves to the camera,The video concludes with the girl waving at the camera., The video starts with the girl waving at the camera.
183,43507350@N00_7805483128_dd2856665f.mp11,Causal,Alessandro B.,Why the kangaroo gets near the girl,To eat from her hand,The kangaroo approaches the girl to eat from her hand., The girl approaches the kangaroo to eat from its hand.
184,43507350@N00_7805483128_dd2856665f.mp12,Commonsense,Alessandro B.,Where are they?,Probably in Australia,They are likely in Australia., They are definitely not in Australia.
185,43507350@N00_7805483128_dd2856665f.mp13,Implicit,Alessandro B.,Who is the girl waving to?,The person filming her and the kangaroo,The girl excitedly waves at the camera and a friendly kangaroo., The girl ignores the camera and an aggressive kangaroo.
186,43507350@N00_7805483128_dd2856665f.mp14,Outofscope,Lucia,Is there a man in the video?,"No, there is no visible man.",Absence of a visible man in the video scene., A visible man is present in the video scene.
187,43507350@N00_7805483128_dd2856665f.mp15,Uncertainty,Lucia,Is there a baby kangooro?,Not possible to infere the kangooro's age.,A kangaroo's age remains unknown due to lack of evidence., All kangaroos' ages are well documented and easily accessible.
188,43507350@N00_7805483128_dd2856665f.mp16,Sentiment,Lucia,Is the kangooro scared?,"Yes, it seems.",The scared kangaroo tries to flee., The brave kangaroo stands its ground.
189,43507350@N00_7805483128_dd2856665f.mp17,Occult entity,Lucia,Is there a man in the video?,"The man is not visible, but it's possible to hear his voice.",The Man's Voice Echoes Through the Scene., No Sound Can Be Heard in the Scene.
190,43507350@N00_7805483128_dd2856665f.mp19,Temporal,Lucia,When does the kangooro eat from the woman's hand?,In the first three seconds of the video,The kangaroo can be seen eating from the woman's hand within the first three seconds of the video., The kangaroo cannot be seen eating from the woman's hand within the first three seconds of the video.
191,43507350@N00_7805483128_dd2856665f.mp20,Outofscope,Davide,Why is the woman feeding the rabbit?,There is no rabbit in the scene. She's feeding the kangaroo,A woman feeds a kangaroo in the video., The kangaroo feeds a woman in the video.
192,43507350@N00_7805483128_dd2856665f.mp21,Counterfactual,Davide,What if the woman had given poisoned food to the kangaroo?,It would have died,This woman narrowly avoided harming a kangaroo with poisoned food., This woman intentionally poisoned a kangaroo with food.
193,43507350@N00_7805483128_dd2856665f.mp22,Uncertainty,Davide,Is the kangaroo old?,I don't know,The age of the kangaroo is uncertain., The age of the kangaroo is well-known.
194,43507350@N00_7805483128_dd2856665f.mp23,Sentiment,Davide,Does the kangaroo seem to be afraid of the woman?,Only at the end of the video,The kangaroo shows fear towards the woman towards the end of the video., The kangaroo is comfortable and relaxed near the woman throughout the video.
195,43507350@N00_7805483128_dd2856665f.mp24,Entity tracking,Davide,Does the woman stand for the whole video?,"No, only at the beginning of it",The woman only appears at the beginning of the video., The woman is present throughout the entirety of the video.
196,43507350@N00_7805483128_dd2856665f.mp25,Temporal,Davide,Does the woman get down before she starts feeding the kangaroo?,Yes,The woman gets down before feeding the kangaroo., The woman feeds the kangaroo before getting down.
197,43507350@N00_7805483128_dd2856665f.mp26,Causal,Davide,Why does the girl seem to be happy?,She's excited to interact with a kangaroo so closely,A happy girl interacting closely with a kangaroo., An unhappy boy avoiding any contact with a kangaroo.
198,43507350@N00_7805483128_dd2856665f.mp27,Commonsense,Davide,Are they in a safari/ meadow / forest?,Yes,"The scene is set in a natural environment, possibly a safari, meadow, or forest."," The scene is set in an urban environment, possibly a busy street, city center, or shopping mall."
199,43507350@N00_7805483128_dd2856665f.mp28,Implicit,Davide,Where was the video shot?,Australia,The video was shot in Australia., The video was not shot in Australia.
200,43507350@N00_7805483128_dd2856665f.mp29,Outofscope,Giovanni,what is the second kangaroo doing?,there is just one kangaroo, Spotting a solitary kangaroo in the wild., No kangaroos could be found while wandering in the wilderness.
201,43507350@N00_7805483128_dd2856665f.mp30,Counterfactual,Giovanni,what would happen if the animal bites the lady?,she would screem,The woman screams as she fears an animal bite., The woman calmly watches as an animal approaches.
202,43507350@N00_7805483128_dd2856665f.mp31,Uncertainty,Giovanni,is the grass fully dry?,not sure,The dryness of the grass remains uncertain., The wetness of the grass remains uncertain.
203,43507350@N00_7805483128_dd2856665f.mp32,Sentiment,Giovanni,is the lady happy?,yes she is, The lady is happy., The woman is unhappy.
204,43507350@N00_7805483128_dd2856665f.mp33,Occult entity,Giovanni,where has the girl right foot flip flop gone?,is sill there on the right foot,The girl's right flip flop is still on her foot., The girl's left flip flop is missing.
205,43507350@N00_7805483128_dd2856665f.mp34,Entity tracking,Giovanni,does the take off her necklace at some point?,no,The necklace remains on throughout the video., The necklace is removed at the beginning of the video.
206,43507350@N00_7805483128_dd2856665f.mp35,Temporal,Giovanni,the lady waves her hand while giving food to the animal?,yes,The lady graciously feeds the animal while waving her hand., The lady cruelly denies the animal food while avoiding eye contact.
207,43507350@N00_7805483128_dd2856665f.mp36,Causal,Giovanni,What has caused the kangaroo to come near the lady?,her food,The kangaroo approaches the woman because of her food., The woman approaches the kangaroo because of its food.
208,43507350@N00_7805483128_dd2856665f.mp37,Commonsense,Giovanni,is the outside temperature cold freezing?,no,The outside temperature is not freezing., The outside temperature is freezing.
209,43507350@N00_7805483128_dd2856665f.mp38,Implicit,Giovanni,is the animal hungry?,yes,The hungry animal eagerly looks for food., The satiated animal apathetically avoids food.
210,43507350@N00_7805483128_dd2856665f.mp39,Outofscope,Raffaella,What does the woman do to the coala?,There are no coala.," Unfortunately, there are no koalas in the video scene to be interacted with."," Luckily, there are plenty of koalas in the video scene to be interacted with."
211,43507350@N00_7805483128_dd2856665f.mp40,Counterfactual,Raffaella,What would happen if there were no food in the woman's hand,The kangaroo would not keep on eating from her hand,The woman feeds a hungry kangaroo from her hand., The man takes food away from a satiated kangaroo in his pocket.
212,43507350@N00_7805483128_dd2856665f.mp41,Uncertainty,Raffaella,Does the woman know the kangaroo well?,It seems it's the first time she sees a kangaroo,The woman encounters a kangaroo for the first time., The man has encountered a kangaroo multiple times before.
213,43507350@N00_7805483128_dd2856665f.mp42,Sentiment,Raffaella,Is the woman happy or sad?,She is happy,The woman is seen as happy in the video., The woman appears sad in the video.
214,43507350@N00_7805483128_dd2856665f.mp43,Occult entity,Raffaella,Where is the kangaroo in the middle of the video?,It's next to the woman,A woman standing next to a kangaroo., A man running away from a kangaroo.
215,43507350@N00_7805483128_dd2856665f.mp44,Temporal,Raffaella,What does the kangaroo do while the woman waves?,it eats from the woman's hand,The kangaroo enjoys a treat from the woman's hand., The woman throws the treat at the kangaroo.
216,43507350@N00_7805483128_dd2856665f.mp45,Commonsense,Raffaella,How is the weather?,It seems nice weather.,The weather seems to be nice., The weather seems to be terrible.
217,43507350@N00_7805483128_dd2856665f.mp46,Implicit,Raffaella,Does the woman likes kangaroo?,Yes,The woman is fond of kangaroos., The woman dislikes kangaroos.
218,43507350@N00_7805483128_dd2856665f.mp47,Outofscope,Alessio,What are the kangaroo babies doing?,There are no kangaroo babies present., The absence of kangaroo babies is noticeable in this scene., The presence of kangaroo babies is noticeable in this scene.
219,43507350@N00_7805483128_dd2856665f.mp48,Counterfactual,Alessio,What would have happened if the girl had started screaming?,Most probably the kangaroo would have run away.,The kangaroo would have fled if the girl had screamed., The kangaroo would have stayed if the girl had screamed.
220,43507350@N00_7805483128_dd2856665f.mp49,Uncertainty,Alessio,Is the kangaroo more or less than a year old?,There are not enough information the answer this question., Age of the kangaroo is uncertain., The age of the kangaroo is definite.
221,43507350@N00_7805483128_dd2856665f.mp50,Sentiment,Alessio,Is the girl happy?,Yes.,The girl is happy., The girl is sad.
222,43507350@N00_7805483128_dd2856665f.mp51,Occult entity,Alessio,What kind of food is the girl holding?,It cannot be determined from the video.,The type of food being held by the girl cannot be identified from the video., The type of food being held by the girl can easily be determined from the video.
223,43507350@N00_7805483128_dd2856665f.mp52,Entity tracking,Alessio,Does the kangaroo always occupy the same position in the frame throughout the video?,Yes.,The kangaroo remains in a fixed position throughout the entire video., The kangaroo jumps around energetically throughout the entire video.
224,43507350@N00_7805483128_dd2856665f.mp53,Temporal,Alessio,When does the girl wave to the person who is recording?,About halfway through the video.,The girl waves to the camera halfway through the video., The girl never acknowledges the camera during the video.
225,43507350@N00_7805483128_dd2856665f.mp54,Causal,Alessio,What happens after the girl offers her hand to the kangaroo?,The kangaroo starts eating from her hand.,The girl feeds a kangaroo from her own hand., The kangaroo feeds the girl from its own hand.
226,43507350@N00_7805483128_dd2856665f.mp55,Commonsense,Alessio,Was the video filmed in the summer?,Probably yes., This video was likely filmed during the summer., This video was likely filmed during the winter.
227,43507350@N00_7805483128_dd2856665f.mp56,Implicit,Alessio,In what country was the video shot?,In Australia.,The video was shot in Australia., The video was shot in Antarctica.
228,57862612@N00_4708165016_f818af49fa.avi,Outofscope,Alessandro B.,Is there food on the floor?,"No, there is no food","The floor is clean, no food is present."," The floor is dirty, food is everywhere."
229,57862612@N00_4708165016_f818af49fa.avi,Counterfactual,Alessandro B.,What would happen if the bat fell,Someone would pick it up and give it back to the child,The child drops their bat but receives help to retrieve it., The child throws their bat but refuses help to retrieve it.
230,57862612@N00_4708165016_f818af49fa.avi,Uncertainty,Alessandro B.,What is behind the blue curtain,There are not enough element to know,The contents behind the blue curtain remain a mystery due to the lack of information., The details behind the red curtain have been revealed and are fully known.
231,57862612@N00_4708165016_f818af49fa.avi,Sentiment,Alessandro B.,Are the kids unhappy?,"No, they are having fun",The kids are all smiles as they enjoy themselves., The kids are all frowning and they don't seem to be having a good time.
232,57862612@N00_4708165016_f818af49fa.avi,Occult entity,Alessandro B.,Where is the table?,On the stage in the background,The table can be seen on the background stage., The table cannot be seen on the background stage.
233,57862612@N00_4708165016_f818af49fa.avi,Entity tracking,Alessandro B.,There is a person with a red shirt in the background. What does the person do at the end of the video?,The person claps their hands,The person in the red shirt claps their hands at the end of the video., No one in the video is wearing red and no clapping is heard or observed.
234,57862612@N00_4708165016_f818af49fa.avi,Temporal,Alessandro B.,Is the blindfolded child helped by someone during the videoe?,"Yes, a person with a white shirt helps him","A child, blindfolded and in need of assistance, is aided by a person in a white shirt."," A child, unblindfolded and self-sufficient, is ignored by a person in a white shirt."
235,57862612@N00_4708165016_f818af49fa.avi,Causal,Alessandro B.,What happens when the child hit the pinhata,part of it fall on the floor,The piÃ±ata breaks open and spills its contents on the floor., The piÃ±ata remains intact and the contents are not revealed.
236,57862612@N00_4708165016_f818af49fa.avi,Commonsense,Alessandro B.,What happens when the blindfolded child is spun,He doesn't know where the pinhata is,The blindfolded child struggles to locate the piÃ±ata as he is spun around., The sighted child easily finds and breaks the piÃ±ata without any effort.
237,57862612@N00_4708165016_f818af49fa.avi,Implicit,Alessandro B.,What kind of event is being depicted?,A children party,The video captures a lively children's party in full swing., The video shows an empty room with no children or party decorations present.
238,57862612@N00_4708165016_f818af49fa.avi,Outofscope,Lucia,Is there a dog?,"No, there is no dog.",The scene is without a canine companion., There is a dog next to the scene.
239,57862612@N00_4708165016_f818af49fa.avi,Counterfactual,Lucia,What would happen if the pinhata broke?,The child would win the game.,The child wins the game as the piÃ±ata breaks., The child loses the game as the piÃ±ata remains intact.
240,57862612@N00_4708165016_f818af49fa.avi,Uncertainty,Lucia,Are there several pinhatas in the room?,Probably there are two of them.,Two piÃ±atas can be seen in the room., There are no piÃ±atas in the room.
241,57862612@N00_4708165016_f818af49fa.avi,Sentiment,Lucia,Is the child having fun?,Yes.,The child is having fun., The child is not enjoying themselves.
242,57862612@N00_4708165016_f818af49fa.avi,Occult entity,Lucia,Where is the woman with the red shirt?,The woman is behind the children.,The woman in red is standing behind the children., The man in blue is sitting in front of the children.
243,57862612@N00_4708165016_f818af49fa.avi,Entity tracking,Lucia,Are there any parts of the pinhata on the floor at the end of the video?,Yes.,The pinata remnants are scattered on the floor in the end., The pinata is still hanging and intact at the end.
244,57862612@N00_4708165016_f818af49fa.avi,Temporal,Lucia,What happens to the pinhata at the end of the video?,Some parts of it are on the floor.,The pinata lies in pieces on the floor., The pinata is still hanging from the ceiling intact.
245,57862612@N00_4708165016_f818af49fa.avi,Causal,Lucia,The child is blind folded.,The child does not see anything., The blindfolded child is unable to see anything., The child with perfect eyesight can clearly see everything.
246,57862612@N00_4708165016_f818af49fa.avi,Commonsense,Lucia,The child is blind folded.,The child does not see anything., The blindfolded child is unable to see his surroundings., The blindfolded child is able to see everything around him.
247,57862612@N00_4708165016_f818af49fa.avi,Implicit,Lucia,What game is being played?,Pinhata party game., Enjoy the excitement of the Pinhata party game., Avoid the boredom of the Pinhata party game.
248,57862612@N00_4708165016_f818af49fa.avi,Outofscope,Davide,What does the dog in the video do?,There is no dog in the video, No dogs are present in this video., Dogs are everywhere in this video.
249,57862612@N00_4708165016_f818af49fa.avi,Counterfactual,Davide,What would have happened if the child had continued swinging the bat without stopping?,He would hurt the man as he came closer,The potential danger of non-stop swinging demonstrated in this video., The safety benefits of non-stop swinging demonstrated in this video.
250,57862612@N00_4708165016_f818af49fa.avi,Uncertainty,Davide,Are the people on the background the child's parents?,Don't know, Uncertain about the identity of the people in the background., Confident about the identity of the people in the background.
251,57862612@N00_4708165016_f818af49fa.avi,Sentiment,Davide,Are the children in the background happy?,"Yes, they seem excited",The children in the background seem excited, The children in the background seem bored
252,57862612@N00_4708165016_f818af49fa.avi,Occult entity,Davide,Where does the man in white go at the end of the video?,He goes behind the camera,The man in white disappears behind the camera at the end of the video., The man in black keeps appearing throughout the video.
253,57862612@N00_4708165016_f818af49fa.avi,Entity tracking,Davide,Is the pinata in the same position for the whole video?,Yes,The pinata remains in a fixed position throughout the video., The pinata spins around in circles throughout the video.
254,57862612@N00_4708165016_f818af49fa.avi,Temporal,Davide,Does the child succeed in destroying the pinata at the end of the video?,No, The child's attempt to destroy the pinata was unsuccessful., The child easily broke open the pinata and grabbed all the candy inside.
255,57862612@N00_4708165016_f818af49fa.avi,Causal,Davide,Why does the child fail to point the pinata well?,Because he cannot see and has lost his sense of direction,The blindfolded child struggles to locate the piÃ±ata due to a loss of vision and sense of direction., The child easily finds and hits the piÃ±ata with precision and accuracy even with the blindfold on.
256,57862612@N00_4708165016_f818af49fa.avi,Commonsense,Davide,Where is the video recorded?,It is set in a in a school gymnasium,The video takes place in a school gymnasium., The video takes place in a hospital waiting room.
257,57862612@N00_4708165016_f818af49fa.avi,Implicit,Davide,Are they celebrating something?,Probably yes,The group appears to be celebrating something., It seems like there is no one in the group and they are not doing anything.
258,57862612@N00_4708165016_f818af49fa.avi,Outofscope,Giovanni,is the car moving?,there is no car, No cars are present in the scene., There are many cars visible in the scene.
259,57862612@N00_4708165016_f818af49fa.avi,Counterfactual,Giovanni,what would happen if the boy was taller?,he would have raised the bat less to hit the pinhata,The boy's height determines the force needed to hit the piÃ±ata., The color of the piÃ±ata determines the force needed to hit the boy.
260,57862612@N00_4708165016_f818af49fa.avi,Uncertainty,Giovanni,is the situation safe for the kids?,not sure,The safety of the kids remains uncertain in this video., The safety of the kids is guaranteed in this video.
261,57862612@N00_4708165016_f818af49fa.avi,Sentiment,Giovanni,are the kids enjoying their party?,it seems yes,The kids appear to be thoroughly enjoying their party!, The kids seem to be bored and uninterested at their party.
262,57862612@N00_4708165016_f818af49fa.avi,Occult entity,Giovanni,are there tables behind the curt?,yes there are,There are tables behind the curtain., There are no tables behind the curtain.
263,57862612@N00_4708165016_f818af49fa.avi,Entity tracking,Giovanni,does the guy with the white shirt moving?,yes he is,The man in the white shirt is in motion., The man in the white shirt is standing still.
264,57862612@N00_4708165016_f818af49fa.avi,Temporal,Giovanni,does the pinhata break before the kid hits it?,no,The piÃ±ata remains intact as the kid takes a swing., The piÃ±ata bursts open after the kid looks at it.
265,57862612@N00_4708165016_f818af49fa.avi,Causal,Giovanni,what caused the pinhata to break?,the kid hit it,The pinhata broke after the kid hit it., The pinhata remained intact even after the kid hit it.
266,57862612@N00_4708165016_f818af49fa.avi,Commonsense,Giovanni,is this a party of some sort?,yes it is, A lively party scene., There is nobody at the party.
267,57862612@N00_4708165016_f818af49fa.avi,Implicit,Giovanni,way are the kids not coming closer to the one with the bat?,because they don't want to get smashed,Kids stay back as the bat wielder could smash them., Kids come closer to the bat wielder as they won't cause any harm.
268,57862612@N00_4708165016_f818af49fa.avi,Outofscope,Raffaella,What does the kid do with the ball?,There is no ball in the video, No ball was seen in the video., A ball was prominently displayed in the video.
269,57862612@N00_4708165016_f818af49fa.avi,Counterfactual,Raffaella,What would have happened if the boy were successful in breaking the pignata?,The things inside the pignata would fall down,The successful breaking of the piÃ±ata would result in the contents falling out., The unsuccessful breaking of the piÃ±ata would result in the contents staying inside.
270,57862612@N00_4708165016_f818af49fa.avi,Uncertainty,Raffaella,"In the beggining of the video, do you expect the kid to be able to break the Pignata?",It does not look like he will succed.,The kid struggles to break the piÃ±ata in the beginning of the video.," At the end of the video, the kid successfully breaks the piÃ±ata without any effort."
271,57862612@N00_4708165016_f818af49fa.avi,Sentiment,Raffaella,Are the kids having fun?,Yes,The kids are having a blast!, The kids are bored and uninterested.
272,57862612@N00_4708165016_f818af49fa.avi,Occult entity,Raffaella,Where is the men with the white short when the lady with the green jaked goes backwards?,Behind the boy,A man in white shorts stands behind a boy as a woman in a green jacket moves backwards., A woman in a green jacket moves forwards while a man in white shorts stands in front of a boy.
273,57862612@N00_4708165016_f818af49fa.avi,Entity tracking,Raffaella,Is the woman with the green jaked always next to the men waring jeans and a black pullover?,"No, she is moving back and forward",The woman in the green jacket moves around while the men in jeans and a black pullover stay put., The woman in the green jacket is still as the men in jeans and a black pullover move around.
274,57862612@N00_4708165016_f818af49fa.avi,Temporal,Raffaella,What does the boy with the stick do after the men put him in front of the pignata again?,He hits the pignata,The determined boy takes a swing at the piÃ±ata after being placed back in front of it by the men., The hesitant boy refuses to take a swing at the piÃ±ata and steps away as the men move it closer to him.
275,57862612@N00_4708165016_f818af49fa.avi,Commonsense,Raffaella,What does the Pignata contain?,"It's not known, probably candies","The contents of the Pignata remain a mystery, but they could be candies.", The contents of the Pignata are known and they are not candies.
276,57862612@N00_4708165016_f818af49fa.avi,Implicit,Raffaella,Why does the men makes the boy turn several times?,To disorient him,The boy is turned repeatedly to disorient him., The boy is standing still and not being turned.
277,57862612@N00_4708165016_f818af49fa.avi,Outofscope,Alessio,How many presents did the child receive?,The child did not receive any presents., Disappointed child receives no presents., Overjoyed child receives plenty of presents.
278,57862612@N00_4708165016_f818af49fa.avi,Counterfactual,Alessio,What would have happened if the child had hit the man with the stick?,The man would have been injured.,The man could have been seriously hurt if the child had hit him with the stick.," The man was never in danger of getting hurt, even if the child had hit him with the stick."
279,57862612@N00_4708165016_f818af49fa.avi,Uncertainty,Alessio,Had the child already hit the pinata?,Probably not.,The child likely hadn't hit the pinata yet., The child already hit the pinata.
280,57862612@N00_4708165016_f818af49fa.avi,Sentiment,Alessio,What is the attitude of the children in the background?,They are having fun.,Children in the background are having fun., There are no children in the video.
281,57862612@N00_4708165016_f818af49fa.avi,Occult entity,Alessio,Where is the adult after spinning the child around?,"He moved out of the frame, to the left.",The adult moves out of frame to the left after spinning the child around., The child moves out of frame to the right after spinning the adult around.
282,57862612@N00_4708165016_f818af49fa.avi,Entity tracking,Alessio,Is the child always on the left of the pinata?,No.,The child isn't always on the left of the pinata., The child is always on the left of the pinata.
283,57862612@N00_4708165016_f818af49fa.avi,Temporal,Alessio,When the child hits the pinata with the stick?,At the end of the video.,The child hits the pinata with a stick at the end of the video., The child does not hit the pinata with a stick at the end of the video.
284,57862612@N00_4708165016_f818af49fa.avi,Causal,Alessio,What happens after the man turns the child around?,The child finally hits the pinata.,The child successfully hits the pinata after being turned around by the man., The child fails to hit the pinata even after being turned around by the man.
285,57862612@N00_4708165016_f818af49fa.avi,Commonsense,Alessio,In what context was the video filmed?,At a children party.,Children having fun at a party., Children being bored at a party.
286,57862612@N00_4708165016_f818af49fa.avi,Implicit,Alessio,Was the party organized for children?,Yes.,The party was organized specifically for children., The party was organized specifically for adults.
287,61082531@N07_7638997290_b024d278f1.mov,Outofscope,Alessandro B.,Are there any guns?,"No, there are no guns", The scene does not feature any firearms., The scene is full of firearms.
288,61082531@N07_7638997290_b024d278f1.mov,Counterfactual,Alessandro B.,Are they battling inside?,"No, they are outside",The battle takes place outside., The battle takes place inside.
289,61082531@N07_7638997290_b024d278f1.mov,Uncertainty,Alessandro B.,Whose house it is in the background,There are not enough element to know, Unclear whose house is shown in the background., It is clear whose house is shown in the background.
290,61082531@N07_7638997290_b024d278f1.mov,Sentiment,Alessandro B.,Are the people having fun?,"Yes, they are having fun",The people are enjoying themselves and having fun in this scene., The people seem bored and unhappy in this scene.
291,61082531@N07_7638997290_b024d278f1.mov,Occult entity,Alessandro B.,What is behind the white pole,a black flag,The video reveals a black flag hidden behind the white pole., The video shows the white flag waving on top of the white pole.
292,61082531@N07_7638997290_b024d278f1.mov,Entity tracking,Alessandro B.,What happens to the person that falls?,They stay down and the person who pushed them checks if they are ok,The person who gets pushed falls down while the other checks on them., The person who gets pushed doesn't fall down and the other doesn't check on them.
293,61082531@N07_7638997290_b024d278f1.mov,Temporal,Alessandro B.,What happens when the bald guy is hit on the head,He moves out of frame,The bald guy moves out of frame after being hit on the head., The bald guy stays in the frame after being hit on the head.
294,61082531@N07_7638997290_b024d278f1.mov,Causal,Alessandro B.,What happens when the guy on the left is pushed,He falls on the ground,The man on the left falls to the ground when pushed., The man on the right falls to the ground when pushed.
295,61082531@N07_7638997290_b024d278f1.mov,Commonsense,Alessandro B.,Who is winning?,The person with the big hammer,The person with the big hammer is currently winning., The person without the big hammer is currently winning.
296,61082531@N07_7638997290_b024d278f1.mov,Implicit,Alessandro B.,What are they doing,They are playing with fake medieval weapons,They playfully wield fake medieval weapons in this scene., They seriously wield real modern weapons in this scene.
297,61082531@N07_7638997290_b024d278f1.mov,Outofscope,Lucia,Are there any horses?,"No, there are no horses",The video scene features no horses., The video scene showcases numerous horses.
298,61082531@N07_7638997290_b024d278f1.mov,Counterfactual,Lucia,Are they battling in the countryside?,"Yes, they are.",Intense countryside battle., Peaceful countryside scenery.
299,61082531@N07_7638997290_b024d278f1.mov,Uncertainty,Lucia,Is there wind in the scene?,"The flag is moving, but this may be caused by people moving.","The flag flutters in the breeze, though it could be from people passing by.", The flag remains still in a completely windless environment.
300,61082531@N07_7638997290_b024d278f1.mov,Sentiment,Lucia,Are the people having fun?,Yes.,The people are having fun., The people are bored.
301,61082531@N07_7638997290_b024d278f1.mov,Occult entity,Lucia,Is there the sun in the video?,It seems to illuminate the scene but cannot be seen.,"The sun sheds light on the scene, but is hidden from view."," The sun is visible in the scene, but does not shed light."
302,61082531@N07_7638997290_b024d278f1.mov,Entity tracking,Lucia,What happens to the bald guy?,He gets hit by the hammer,The bald guy gets hit by a hammer in the video scene., The bald guy skillfully avoids getting hit by a hammer in the video scene.
303,61082531@N07_7638997290_b024d278f1.mov,Temporal,Lucia,Is the boy waving the big hammer high?,"Yes, in the first three seconds.",The boy waved the big hammer high in the first three seconds., The girl held the small hammer low throughout the entire video.
304,61082531@N07_7638997290_b024d278f1.mov,Causal,Lucia,What happens the bald guy after he is hit?,"Nothing, the weapon is fake.",The bald guy remains unharmed as the weapon used against him is revealed to be fake., The bald guy gets severely injured as the weapon used against him is real.
305,61082531@N07_7638997290_b024d278f1.mov,Commonsense,Lucia,Is there wind in the scene?,"yes, the flag is moving",The flag flutters in the wind in this scene., There is no flag in this scene.
306,61082531@N07_7638997290_b024d278f1.mov,Implicit,Lucia,What happens to the bald guy after he is hit?,"Nothing, the weapon is fake.",The bald guy is hit but the weapon is fake., The bald guy is not hit and the weapon is real.
307,61082531@N07_7638997290_b024d278f1.mov,Outofscope,Davide,Why does the dog run away?,There is no dog in the scene, No dog in sight as the scene plays out., A dog can be seen throughout the entire video.
308,61082531@N07_7638997290_b024d278f1.mov,Counterfactual,Davide,What if the weapons were real?,somebody would have died, The potential danger of using real weapons in movie scenes., Real weapons are completely safe when used in films.
309,61082531@N07_7638997290_b024d278f1.mov,Uncertainty,Davide,Is the video shot in Scotland?,Don't know,The location of the video is uncertain., The location of the video is clearly known.
310,61082531@N07_7638997290_b024d278f1.mov,Sentiment,Davide,Are they having fun?,Probably yes,They are likely enjoying themselves., They are probably not having fun.
311,61082531@N07_7638997290_b024d278f1.mov,Occult entity,Davide,Where is the pole at the beginning of the video?,It is in the same position as the end of the video,The pole remains in the same position throughout the video., The pole moves consistently throughout the video.
312,61082531@N07_7638997290_b024d278f1.mov,Entity tracking,Davide,Is the man in yellow at the end of the video the same as at the beginning of it?,Yes,The man in yellow seen at the beginning and end of the video is the same., The woman in blue seen at the beginning and end of the video is different.
313,61082531@N07_7638997290_b024d278f1.mov,Temporal,Davide,Does the man with the sword fall down defeated at the end of the video?,"No, at the beginning of it",The man with the sword falls down at the beginning of the video., The man with the sword stands up and walks away at the end of the video.
314,61082531@N07_7638997290_b024d278f1.mov,Commonsense,Davide,Is it a fake battle?,Yes,The battle scene was staged for the film and was not real., The battle scene was completely authentic and not staged.
315,61082531@N07_7638997290_b024d278f1.mov,Commonsense,Davide,Is it a role-playing game?,Yes,The video showcases a role-playing game., The video does not feature any gameplay at all.
316,61082531@N07_7638997290_b024d278f1.mov,Implicit,Davide,Does it represent a medieval battle?,Yes,The video depicts a medieval battle., The video shows modern technology.
317,61082531@N07_7638997290_b024d278f1.mov,Outofscope,Giovanni,is there a tower?,no, No tower visible in the scene., A tower is clearly visible in the scene.
318,61082531@N07_7638997290_b024d278f1.mov,Counterfactual,Giovanni,what would have happened if the guys had played with real weapons?,they would have killed each other," If they had used real weapons, they would have ended up killing one another."," If they had used fake weapons, they would have ended up killing one another."
319,61082531@N07_7638997290_b024d278f1.mov,Uncertainty,Giovanni,is it sunset?,probably yes,The video captures a probable sunset., The video shows a definite sunrise.
320,61082531@N07_7638997290_b024d278f1.mov,Sentiment,Giovanni,are there sleepy guys?,no," Alert individuals, no signs of sleepiness."," Disregard individuals, signs of sleepiness present."
321,61082531@N07_7638997290_b024d278f1.mov,Occult entity,Giovanni,where is the black flag?,there is a black flag behind the pole,The black flag can be seen behind the pole., The white flag can be seen behind the pole.
322,61082531@N07_7638997290_b024d278f1.mov,Entity tracking,Giovanni,is one guy with a sward falling at a certain point?,yes one guy is falling,A man with a sword falls during the scene., No man fell during the scene with a sword.
323,61082531@N07_7638997290_b024d278f1.mov,Temporal,Giovanni,does the bold guy move out of frame after being hit?,yes it moves to the right out of frame,The bold guy swiftly moves out of frame after being hit., The timid guy slowly stays in frame after being missed.
324,61082531@N07_7638997290_b024d278f1.mov,Causal,Giovanni,what caused the bold guy to move out of frame?,he just lost his game,The bold guy lost his game and moved out of frame., The timid guy won his game and stayed in frame.
325,61082531@N07_7638997290_b024d278f1.mov,Commonsense,Giovanni,is that a real fight?,no. they are just pretending to fight,The fight scene is just a simulation., The fight scene is real.
326,61082531@N07_7638997290_b024d278f1.mov,Implicit,Giovanni,are the guys in the scene passionate about fighting games?,"yes, very likely",These guys are extremely passionate about fighting games!, These guys are completely dispassionate about fighting games!
327,61082531@N07_7638997290_b024d278f1.mov,Outofscope,Raffaella,I the jellow car moving slowly?,There is no yellow car.,The absence of a yellow car is noticed, The presence of a purple car is noticed
328,61082531@N07_7638997290_b024d278f1.mov,Sentiment,Raffaella,Are the boys having fun?,"Yes, they are",The boys are having fun!, The boys are not enjoying themselves.
329,61082531@N07_7638997290_b024d278f1.mov,Occult entity,Raffaella,Where is the man who fall down first when the other fights?,Where he falls down, The man falls down where he is hit during the fight., The man is unharmed and wins the fight easily.
330,61082531@N07_7638997290_b024d278f1.mov,Entity tracking,Raffaella,The man who raise the harms towards the end of the movies is the one who falls down first?,No, The man who raised his arms did not fall first., The man who raised his arms fell first.
331,61082531@N07_7638997290_b024d278f1.mov,Temporal,Raffaella,What does the boy do before raising his harms?,Push down a rival,The boy pushes down a rival before raising his arms., The boy runs away from a rival without raising his arms.
332,61082531@N07_7638997290_b024d278f1.mov,Causal,Raffaella,How does the boy with the red scarf on the hips fall down?,A boy pushes him,The boy in the red scarf falls down after being pushed by another boy., The boy in the yellow scarf remains perfectly still while the other boy watches him.
333,61082531@N07_7638997290_b024d278f1.mov,Commonsense,Raffaella,are the boys having a real fight?,"No, they are playing"," Boys engage in an intense game, but it's just play fighting!", Boys avoid physical contact while playing a game.
334,61082531@N07_7638997290_b024d278f1.mov,Outofscope,Alessio,What is the boy with the gun doing?,There is no boy with a gun., No boy with a gun in sight., A boy with a gun is visible in the video.
335,61082531@N07_7638997290_b024d278f1.mov,Counterfactual,Alessio,What would have happened if the boys featured in the video did not have the weapons?,They probably could not have played.,The boys featured in the video had to have weapons in order to play., The boys featured in the video did not need weapons to play.
336,61082531@N07_7638997290_b024d278f1.mov,Uncertainty,Alessio,Are the boys rehearsing for a historical reenactment?,I do not have enough elements to answer this question.," Sorry, I cannot create a caption for this video as there is not enough information available pertaining to the content of the video.", I know exactly what is happening in this video.
337,61082531@N07_7638997290_b024d278f1.mov,Sentiment,Alessio,They are having fun?,Yes.,They are enjoying themselves., They look bored and unhappy.
338,61082531@N07_7638997290_b024d278f1.mov,Occult entity,Alessio,Where are the others when the boy with the sword hits the boy with the axe?,They are behind the camera.,A boy with a sword strikes another with an axe while the others remain unseen behind the camera., The camera captures a group of boys quietly standing around while one takes a nap with his sword and another with an axe.
339,61082531@N07_7638997290_b024d278f1.mov,Entity tracking,Alessio,What does the boy with the axe do after being hit?,He gets back up.,The resilient boy rises again after taking a hit with the axe., The fragile boy never gets up again after taking a hit with the axe.
340,61082531@N07_7638997290_b024d278f1.mov,Temporal,Alessio,How long after getting up does the boy with the sword manage to hit the boy with the axe?,After about 10 seconds.,The boy with the sword strikes the boy with the axe within 10 seconds of the fight starting., The girl with the sword strikes the girl with the axe after 10 seconds of the fight starting.
341,61082531@N07_7638997290_b024d278f1.mov,Causal,Alessio,What happens after the boy with the sword hits the boy with the axe?,The boy with the axe exults.,The victorious boy with the axe celebrates after being struck by the sword-wielding opponent., The defeated boy with the sword mourns after striking the axe-wielding opponent.
342,61082531@N07_7638997290_b024d278f1.mov,Commonsense,Alessio,Are the guys playing?,Yes.,The guys are playing., The guys are not playing.
343,61082531@N07_7638997290_b024d278f1.mov,Implicit,Alessio,Are the guys friends?,Probably yes.,The guys are likely friends., The guys are likely enemies.
